{
  "slug": "DanTModules",
  "name": "DanTModules",
  "version": "2.3.4",
  "license": "proprietary",
  "brand": "DanT",
  "author": "dtilley",
  "authorEmail": "",
  "authorUrl": "https://dtilley.co.uk",
  "pluginUrl": "https://library.vcvrack.com/DanTModules",
  "manualUrl": "https://github.com/Miff-Real/DanTModules-Manual",
  "sourceUrl": "",
  "donateUrl": "https://monzo.me/danieltilley2",
  "changelogUrl": "https://github.com/Miff-Real/DanTModules-Manual/blob/master/CHANGELOG.md",
  "modules": [
    {
      "slug": "Wavulike",
      "name": "Wavulike",
      "description": "[12hp] VCO based on generated waveform",
      "tags": [
        "Oscillator",
        "Low-frequency oscillator"
      ]
    },
    {
      "slug": "TMNT",
      "name": "TMNT",
      "description": "[34hp] Timed Mutating Non-Linear Triggers",
      "tags": [
        "Sequencer"
      ]
    },
    {
      "slug": "5Splice",
      "name": "5Splice",
      "description": "[4hp] Window mixer for up to 5 inputs",
      "tags": [
        "Mixer"
      ]
    }
  ]
}
